/Users/shussain/code-analysis/dynamic/Projects/superlu/EXAMPLE/dlinsolx3.c,main,"int main(int argc, char *argv[])
",main,_main,,23,5,248,2,2,1,0,38,524.5,18,138,156,420,138,558,18,138,4065.2544381251346,147.12928301694495,0.26367255020957875,3.792582880565896,0.26367255020957875,1.0,15417.814387177916,856.5452437321064
/Users/shussain/code-analysis/dynamic/Projects/superlu/EXAMPLE/dlinsolx3.c,parse_command_line,"parse_command_line(int argc, char *argv[], int *lwork,
",parse_command_line,__Z18parse_command_linev,,262,1,0,4,90,47,2,10,147.0,5,12,17,28,12,40,5,12,163.49851365001356,17.807354922057606,0.44518387305144014,2.2462628602102392,0.44518387305144014,1.0,367.2606389116023,20.40336882842235
/Users/shussain/code-analysis/dynamic/Projects/superlu/EXAMPLE/dlinsol1.c,main,"int main(int argc, char *argv[])
",main,_main,,21,5,0,2,23,10,0,33,46.0,3,0,3,11,0,11,3,0,17.43458750793272,0,0.0,0,0,0,0,26
/Users/shussain/code-analysis/dynamic/Projects/superlu/EXAMPLE/slinsolx1.c,main,"int main(int argc, char *argv[])
",main,_main,,23,5,167,2,2,1,0,30,360.0,3,0,3,11,0,11,3,0,17.43458750793272,0,0.0,0,0,0,0,40
/Users/shussain/code-analysis/dynamic/Projects/superlu/EXAMPLE/slinsolx1.c,parse_command_line,"parse_command_line(int argc, char *argv[], int *lwork,
",parse_command_line,__Z18parse_command_linev,,231,1,0,4,64,35,2,10,111.0,3,0,3,11,0,11,3,0,17.43458750793272,0,0.0,0,0,0,0,2
/Users/shussain/code-analysis/dynamic/Projects/superlu/EXAMPLE/dlinsol.c,main,"int main(int argc, char *argv[])
",main,_main,,21,5,0,2,23,12,0,34,52.0,3,0,3,11,0,11,3,0,17.43458750793272,0,0.0,0,0,0,0,26
/Users/shussain/code-analysis/dynamic/Projects/superlu/EXAMPLE/zlinsolx3.c,main,"int main(int argc, char *argv[])
",main,_main,,23,5,183,2,2,1,0,38,392.5,3,0,3,11,0,11,3,0,17.43458750793272,0,0.0,0,0,0,0,41
/Users/shussain/code-analysis/dynamic/Projects/superlu/EXAMPLE/zlinsolx3.c,parse_command_line,"parse_command_line(int argc, char *argv[], int *lwork,
",parse_command_line,__Z18parse_command_linev,,262,1,0,4,90,47,2,10,147.0,3,0,3,11,0,11,3,0,17.43458750793272,0,0.0,0,0,0,0,2
/Users/shussain/code-analysis/dynamic/Projects/superlu/EXAMPLE/zlinsol1.c,main,"int main(int argc, char *argv[])
",main,_main,,21,5,0,2,23,10,0,33,45.5,3,0,3,11,0,11,3,0,17.43458750793272,0,0.0,0,0,0,0,25
/Users/shussain/code-analysis/dynamic/Projects/superlu/EXAMPLE/dfgmr.c,ddot_,"extern double ddot_(int *, double [], int *, double [], int *);
",ddot_,__Z5ddot_PiPdS_S0_S_,,36,15,0,0,2,0,2,0,1.0,3,0,3,11,0,11,3,0,17.43458750793272,0,0.0,0,0,0,0,0
/Users/shussain/code-analysis/dynamic/Projects/superlu/EXAMPLE/dfgmr.c,dnrm2_,"extern double dnrm2_(int *, double [], int *);
",dnrm2_,__Z6dnrm2_PiPdS_,,37,15,0,0,0,0,5,26,1.0,3,0,3,11,0,11,3,0,17.43458750793272,0,0.0,0,0,0,0,0
/Users/shussain/code-analysis/dynamic/Projects/superlu/EXAMPLE/dfgmr.c,dfgmr,"int dfgmr(int n,
",dfgmr,__Z5dfgmriPFvdPddS_EPFviS_S_ES_S_diPiS4_,,40,5,0,2,15,32,0,0,117.5,2,0,2,17,0,17,2,0,17.0,0,0.0,0,0,0,0,0.0
/Users/shussain/code-analysis/dynamic/Projects/superlu/EXAMPLE/slinsol.c,main,"int main(int argc, char *argv[])
",main,_main,,21,5,0,2,22,10,0,33,46.0,3,0,3,11,0,11,3,0,17.43458750793272,0,0.0,0,0,0,0,26
/Users/shussain/code-analysis/dynamic/Projects/superlu/EXAMPLE/slinsolx.c,main,"int main(int argc, char *argv[])
",main,_main,,21,5,156,2,2,1,0,30,338.0,3,0,3,11,0,11,3,0,17.43458750793272,0,0.0,0,0,0,0,40
/Users/shussain/code-analysis/dynamic/Projects/superlu/EXAMPLE/slinsolx.c,parse_command_line,"parse_command_line(int argc, char *argv[], int *lwork,
",parse_command_line,__Z18parse_command_linev,,200,1,0,4,57,31,2,10,99.0,3,0,3,11,0,11,3,0,17.43458750793272,0,0.0,0,0,0,0,2
/Users/shussain/code-analysis/dynamic/Projects/superlu/EXAMPLE/cfgmr.c,cdotc_,"extern void cdotc_(complex *, int *, complex [], int *, complex [], int *);
",cdotc_,__Z6cdotc_PiS_S_S_S_S_,,36,13,0,0,2,0,2,0,1.0,3,0,3,11,0,11,3,0,17.43458750793272,0,0.0,0,0,0,0,0
/Users/shussain/code-analysis/dynamic/Projects/superlu/EXAMPLE/cfgmr.c,scnrm2_,"extern float scnrm2_(int *, complex [], int *);
",scnrm2_,__Z7scnrm2_PiS_S_,,37,14,0,0,0,0,6,57,1.0,3,0,3,11,0,11,3,0,17.43458750793272,0,0.0,0,0,0,0,0
/Users/shussain/code-analysis/dynamic/Projects/superlu/EXAMPLE/cfgmr.c,cfgmr,"int cfgmr(int n,
",cfgmr,__Z5cfgmriPFviPiiS_EPFviS_S_ES_S_diS_S_,,40,5,0,2,17,38,0,0,130.0,3,0,3,11,0,11,3,0,17.43458750793272,0,0.0,0,0,0,0,26
/Users/shussain/code-analysis/dynamic/Projects/superlu/EXAMPLE/slinsolx2.c,main,"int main(int argc, char *argv[])
",main,_main,,23,5,249,2,2,1,0,38,526.5,3,0,3,11,0,11,3,0,17.43458750793272,0,0.0,0,0,0,0,45
/Users/shussain/code-analysis/dynamic/Projects/superlu/EXAMPLE/slinsolx2.c,parse_command_line,"parse_command_line(int argc, char *argv[], int *lwork,
",parse_command_line,__Z18parse_command_linev,,267,1,0,4,91,48,2,10,150.0,3,0,3,11,0,11,3,0,17.43458750793272,0,0.0,0,0,0,0,2
/Users/shussain/code-analysis/dynamic/Projects/superlu/EXAMPLE/sitersol1.c,spsolve,"void spsolve(int n,
",spsolve,__Z7spsolveiPfS_,,50,6,43,2,7,3,3,2,108.0,3,0,3,11,0,11,3,0,17.43458750793272,0,0.0,0,0,0,0,20
/Users/shussain/code-analysis/dynamic/Projects/superlu/EXAMPLE/sitersol1.c,smatvec_mult,"void smatvec_mult(float alpha, float x[], float beta, float y[])
",smatvec_mult,__Z12smatvec_multfPffS_,,83,6,1,4,3,1,3,1,10.5,3,0,3,11,0,11,3,0,17.43458750793272,0,0.0,0,0,0,0,1
/Users/shussain/code-analysis/dynamic/Projects/superlu/EXAMPLE/sitersol1.c,main,"int main(int argc, char *argv[])
",main,_main,,90,5,0,2,0,1,0,2,6.0,3,0,3,11,0,11,3,0,17.43458750793272,0,0.0,0,0,0,0,0
/Users/shussain/code-analysis/dynamic/Projects/superlu/EXAMPLE/sitersol1.c,smatvec_mult,"    void smatvec_mult(float alpha, float x[], float beta, float y[]);
",smatvec_mult,__Z12smatvec_multfPffS_,,92,10,1,4,3,1,3,1,10.5,3,0,3,11,0,11,3,0,17.43458750793272,0,0.0,0,0,0,0,1
/Users/shussain/code-analysis/dynamic/Projects/superlu/EXAMPLE/sitersol1.c,spsolve,"    void spsolve(int n, float x[], float y[]);
",spsolve,__Z7spsolveiPfS_,,93,10,43,2,7,3,3,2,108.0,3,0,3,11,0,11,3,0,17.43458750793272,0,0.0,0,0,0,0,20
/Users/shussain/code-analysis/dynamic/Projects/superlu/EXAMPLE/sitersol1.c,sfgmr,"    extern int sfgmr( int n,
",sfgmr,__Z5sfgmriPFvfPffS_EPFviS_S_ES_S_diPiS4_,,94,16,0,2,0,41,1,13,157.5,3,0,3,11,0,11,3,0,17.43458750793272,0,0.0,0,0,0,0,63
/Users/shussain/code-analysis/dynamic/Projects/superlu/EXAMPLE/sitersol1.c,sfill_diag,"    extern int sfill_diag(int n, NCformat *Astore);
",sfill_diag,__Z10sfill_diagiPi,,99,16,0,0,30,0,2,0,1.0,3,0,3,11,0,11,3,0,17.43458750793272,0,0.0,0,0,0,0,0
/Users/shussain/code-analysis/dynamic/Projects/superlu/EXAMPLE/sitersol1.c,snrm2_,"	extern float snrm2_(int *, float [], int *);
",snrm2_,__Z6snrm2_PiPfS_,,324,15,0,0,47,0,3,18,1.0,3,0,3,11,0,11,3,0,17.43458750793272,0,0.0,0,0,0,0,0
/Users/shussain/code-analysis/dynamic/Projects/superlu/EXAMPLE/sitersol1.c,saxpy_,"	extern void saxpy_(int *, float *, float [], int *, float [], int *);
",saxpy_,__Z6saxpy_PiPfS0_S_S0_S_,,325,14,0,0,1,0,1,0,1.0,3,0,3,11,0,11,3,0,17.43458750793272,0,0.0,0,0,0,0,0
/Users/shussain/code-analysis/dynamic/Projects/superlu/EXAMPLE/zlinsol.c,main,"int main(int argc, char *argv[])
",main,_main,,21,5,0,2,22,10,0,33,45.5,3,0,3,11,0,11,3,0,17.43458750793272,0,0.0,0,0,0,0,25
/Users/shussain/code-analysis/dynamic/Projects/superlu/EXAMPLE/zfgmr.c,zdotc_,"extern void zdotc_(doublecomplex *, int *, doublecomplex [], int *, doublecomplex [], int *);
",zdotc_,__Z6zdotc_PiS_S_S_S_S_,,36,13,0,0,2,0,2,0,1.0,3,0,3,11,0,11,3,0,17.43458750793272,0,0.0,0,0,0,0,0
/Users/shussain/code-analysis/dynamic/Projects/superlu/EXAMPLE/zfgmr.c,dznrm2_,"extern double dznrm2_(int *, doublecomplex [], int *);
",dznrm2_,__Z7dznrm2_PiS_S_,,37,15,0,0,0,0,6,57,1.0,3,0,3,11,0,11,3,0,17.43458750793272,0,0.0,0,0,0,0,0
/Users/shussain/code-analysis/dynamic/Projects/superlu/EXAMPLE/zfgmr.c,zfgmr,"int zfgmr(int n,
",zfgmr,__Z5zfgmriPFviPiiS_EPFviS_S_ES_S_diS_S_,,40,5,0,2,17,38,0,0,130.0,3,0,3,11,0,11,3,0,17.43458750793272,0,0.0,0,0,0,0,26
/Users/shussain/code-analysis/dynamic/Projects/superlu/EXAMPLE/sp_ienv.c,sp_ienv,"sp_ienv(int ispec)
",sp_ienv,__Z7sp_ienvi,,69,1,0,1,18,8,0,1,27.5,4,13,17,10,13,23,4,13,94.0116453487578,18.90689059560852,0.8220387215481965,1.216487707679558,0.8220387215481965,0.9999999999999999,114.36401094549396,3
/Users/shussain/code-analysis/dynamic/Projects/superlu/EXAMPLE/clinsolx3.c,main,"int main(int argc, char *argv[])
",main,_main,,23,5,183,2,2,1,0,38,392.5,3,0,3,11,0,11,3,0,17.43458750793272,0,0.0,0,0,0,0,41
/Users/shussain/code-analysis/dynamic/Projects/superlu/EXAMPLE/clinsolx3.c,parse_command_line,"parse_command_line(int argc, char *argv[], int *lwork,
",parse_command_line,__Z18parse_command_linev,,262,1,0,4,90,47,2,10,147.0,3,0,3,11,0,11,3,0,17.43458750793272,0,0.0,0,0,0,0,2
/Users/shussain/code-analysis/dynamic/Projects/superlu/EXAMPLE/clinsol1.c,main,"int main(int argc, char *argv[])
",main,_main,,21,5,0,2,23,10,0,33,45.5,3,0,3,11,0,11,3,0,17.43458750793272,0,0.0,0,0,0,0,25
/Users/shussain/code-analysis/dynamic/Projects/superlu/EXAMPLE/sitersol.c,spsolve,"void spsolve(int n,
",spsolve,__Z7spsolveiPfS_,,49,6,42,2,9,3,3,2,105.5,3,0,3,11,0,11,3,0,17.43458750793272,0,0.0,0,0,0,0,19
/Users/shussain/code-analysis/dynamic/Projects/superlu/EXAMPLE/sitersol.c,smatvec_mult,"void smatvec_mult(float alpha, float x[], float beta, float y[])
",smatvec_mult,__Z12smatvec_multfPffS_,,82,6,1,4,3,1,3,1,10.5,3,0,3,11,0,11,3,0,17.43458750793272,0,0.0,0,0,0,0,1
/Users/shussain/code-analysis/dynamic/Projects/superlu/EXAMPLE/sitersol.c,main,"int main(int argc, char *argv[])
",main,_main,,89,5,0,2,0,1,0,2,6.0,3,0,3,11,0,11,3,0,17.43458750793272,0,0.0,0,0,0,0,0
/Users/shussain/code-analysis/dynamic/Projects/superlu/EXAMPLE/sitersol.c,smatvec_mult,"    void smatvec_mult(float alpha, float x[], float beta, float y[]);
",smatvec_mult,__Z12smatvec_multfPffS_,,91,10,1,4,3,1,3,1,10.5,3,0,3,11,0,11,3,0,17.43458750793272,0,0.0,0,0,0,0,1
/Users/shussain/code-analysis/dynamic/Projects/superlu/EXAMPLE/sitersol.c,spsolve,"    void spsolve(int n, float x[], float y[]);
",spsolve,__Z7spsolveiPfS_,,92,10,42,2,9,3,3,2,105.5,3,0,3,11,0,11,3,0,17.43458750793272,0,0.0,0,0,0,0,19
/Users/shussain/code-analysis/dynamic/Projects/superlu/EXAMPLE/sitersol.c,sfgmr,"    extern int sfgmr( int n,
",sfgmr,__Z5sfgmriPFvfPffS_EPFviS_S_ES_S_diPiS4_,,93,16,0,2,0,44,1,13,164.5,3,0,3,11,0,11,3,0,17.43458750793272,0,0.0,0,0,0,0,59
/Users/shussain/code-analysis/dynamic/Projects/superlu/EXAMPLE/sitersol.c,sfill_diag,"    extern int sfill_diag(int n, NCformat *Astore);
",sfill_diag,__Z10sfill_diagiPi,,98,16,0,0,30,0,2,0,1.0,3,0,3,11,0,11,3,0,17.43458750793272,0,0.0,0,0,0,0,0
/Users/shussain/code-analysis/dynamic/Projects/superlu/EXAMPLE/sitersol.c,snrm2_,"	extern float snrm2_(int *, float [], int *);
",snrm2_,__Z6snrm2_PiPfS_,,312,15,0,0,47,0,3,17,1.0,3,0,3,11,0,11,3,0,17.43458750793272,0,0.0,0,0,0,0,0
/Users/shussain/code-analysis/dynamic/Projects/superlu/EXAMPLE/sitersol.c,saxpy_,"	extern void saxpy_(int *, float *, float [], int *, float [], int *);
",saxpy_,__Z6saxpy_PiPfS0_S_S0_S_,,313,14,0,0,1,0,1,0,1.0,3,0,3,11,0,11,3,0,17.43458750793272,0,0.0,0,0,0,0,0
/Users/shussain/code-analysis/dynamic/Projects/superlu/EXAMPLE/slinsolx3.c,main,"int main(int argc, char *argv[])
",main,_main,,23,5,248,2,2,1,0,38,524.5,3,0,3,11,0,11,3,0,17.43458750793272,0,0.0,0,0,0,0,45
/Users/shussain/code-analysis/dynamic/Projects/superlu/EXAMPLE/slinsolx3.c,parse_command_line,"parse_command_line(int argc, char *argv[], int *lwork,
",parse_command_line,__Z18parse_command_linev,,262,1,0,4,90,47,2,10,147.0,3,0,3,11,0,11,3,0,17.43458750793272,0,0.0,0,0,0,0,2
/Users/shussain/code-analysis/dynamic/Projects/superlu/EXAMPLE/citersol.c,cpsolve,"void cpsolve(int n,
",cpsolve,__Z7cpsolveiPiS_,,49,6,42,2,9,3,3,2,105.5,3,0,3,11,0,11,3,0,17.43458750793272,0,0.0,0,0,0,0,19
/Users/shussain/code-analysis/dynamic/Projects/superlu/EXAMPLE/citersol.c,cmatvec_mult,"void cmatvec_mult(complex alpha, complex x[], complex beta, complex y[])
",cmatvec_mult,__Z12cmatvec_multiPiiS_,,82,6,1,4,3,1,3,1,10.5,3,0,3,11,0,11,3,0,17.43458750793272,0,0.0,0,0,0,0,1
/Users/shussain/code-analysis/dynamic/Projects/superlu/EXAMPLE/citersol.c,main,"int main(int argc, char *argv[])
",main,_main,,89,5,0,2,0,1,0,2,6.0,3,0,3,11,0,11,3,0,17.43458750793272,0,0.0,0,0,0,0,0
/Users/shussain/code-analysis/dynamic/Projects/superlu/EXAMPLE/citersol.c,cmatvec_mult,"    void cmatvec_mult(complex alpha, complex x[], complex beta, complex y[]);
",cmatvec_mult,__Z12cmatvec_multiPiiS_,,91,10,1,4,3,1,3,1,10.5,3,0,3,11,0,11,3,0,17.43458750793272,0,0.0,0,0,0,0,1
/Users/shussain/code-analysis/dynamic/Projects/superlu/EXAMPLE/citersol.c,cpsolve,"    void cpsolve(int n, complex x[], complex y[]);
",cpsolve,__Z7cpsolveiPiS_,,92,10,42,2,9,3,3,2,105.5,3,0,3,11,0,11,3,0,17.43458750793272,0,0.0,0,0,0,0,19
/Users/shussain/code-analysis/dynamic/Projects/superlu/EXAMPLE/citersol.c,cfgmr,"    extern int cfgmr( int n,
",cfgmr,__Z5cfgmriPFviPiiS_EPFviS_S_ES_S_diS_S_,,93,16,0,2,0,44,1,13,163.0,3,0,3,11,0,11,3,0,17.43458750793272,0,0.0,0,0,0,0,56
/Users/shussain/code-analysis/dynamic/Projects/superlu/EXAMPLE/citersol.c,cfill_diag,"    extern int cfill_diag(int n, NCformat *Astore);
",cfill_diag,__Z10cfill_diagiPi,,98,16,0,0,34,0,2,0,1.0,3,0,3,11,0,11,3,0,17.43458750793272,0,0.0,0,0,0,0,0
/Users/shussain/code-analysis/dynamic/Projects/superlu/EXAMPLE/citersol.c,scnrm2_,"	extern float scnrm2_(int *, complex [], int *);
",scnrm2_,__Z7scnrm2_PiS_S_,,313,15,0,0,47,0,3,19,1.0,3,0,3,11,0,11,3,0,17.43458750793272,0,0.0,0,0,0,0,0
/Users/shussain/code-analysis/dynamic/Projects/superlu/EXAMPLE/citersol.c,caxpy_,"	extern void caxpy_(int *, complex *, complex [], int *, complex [], int *);
",caxpy_,__Z6caxpy_PiS_S_S_S_S_,,314,14,0,0,1,0,1,0,1.0,3,0,3,11,0,11,3,0,17.43458750793272,0,0.0,0,0,0,0,0
/Users/shussain/code-analysis/dynamic/Projects/superlu/EXAMPLE/dlinsolx1.c,main,"int main(int argc, char *argv[])
",main,_main,,23,5,167,2,2,1,0,30,360.0,3,0,3,11,0,11,3,0,17.43458750793272,0,0.0,0,0,0,0,40
/Users/shussain/code-analysis/dynamic/Projects/superlu/EXAMPLE/dlinsolx1.c,parse_command_line,"parse_command_line(int argc, char *argv[], int *lwork,
",parse_command_line,__Z18parse_command_linev,,231,1,0,4,64,35,2,10,111.0,3,0,3,11,0,11,3,0,17.43458750793272,0,0.0,0,0,0,0,2
/Users/shussain/code-analysis/dynamic/Projects/superlu/EXAMPLE/slinsol1.c,main,"int main(int argc, char *argv[])
",main,_main,,21,5,0,2,23,10,0,33,46.0,3,0,3,11,0,11,3,0,17.43458750793272,0,0.0,0,0,0,0,26
/Users/shussain/code-analysis/dynamic/Projects/superlu/EXAMPLE/citersol1.c,cpsolve,"void cpsolve(int n,
",cpsolve,__Z7cpsolveiPiS_,,50,6,43,2,7,3,3,2,108.0,3,0,3,11,0,11,3,0,17.43458750793272,0,0.0,0,0,0,0,20
/Users/shussain/code-analysis/dynamic/Projects/superlu/EXAMPLE/citersol1.c,cmatvec_mult,"void cmatvec_mult(complex alpha, complex x[], complex beta, complex y[])
",cmatvec_mult,__Z12cmatvec_multiPiiS_,,83,6,1,4,3,1,3,1,10.5,3,0,3,11,0,11,3,0,17.43458750793272,0,0.0,0,0,0,0,1
/Users/shussain/code-analysis/dynamic/Projects/superlu/EXAMPLE/citersol1.c,main,"int main(int argc, char *argv[])
",main,_main,,90,5,0,2,0,1,0,2,6.0,3,0,3,11,0,11,3,0,17.43458750793272,0,0.0,0,0,0,0,0
/Users/shussain/code-analysis/dynamic/Projects/superlu/EXAMPLE/citersol1.c,cmatvec_mult,"    void cmatvec_mult(complex alpha, complex x[], complex beta, complex y[]);
",cmatvec_mult,__Z12cmatvec_multiPiiS_,,92,10,1,4,3,1,3,1,10.5,3,0,3,11,0,11,3,0,17.43458750793272,0,0.0,0,0,0,0,1
/Users/shussain/code-analysis/dynamic/Projects/superlu/EXAMPLE/citersol1.c,cpsolve,"    void cpsolve(int n, complex x[], complex y[]);
",cpsolve,__Z7cpsolveiPiS_,,93,10,43,2,7,3,3,2,108.0,3,0,3,11,0,11,3,0,17.43458750793272,0,0.0,0,0,0,0,20
/Users/shussain/code-analysis/dynamic/Projects/superlu/EXAMPLE/citersol1.c,cfgmr,"    extern int cfgmr( int n,
",cfgmr,__Z5cfgmriPFviPiiS_EPFviS_S_ES_S_diS_S_,,94,16,0,2,0,41,1,13,155.5,3,0,3,11,0,11,3,0,17.43458750793272,0,0.0,0,0,0,0,59
/Users/shussain/code-analysis/dynamic/Projects/superlu/EXAMPLE/citersol1.c,cfill_diag,"    extern int cfill_diag(int n, NCformat *Astore);
",cfill_diag,__Z10cfill_diagiPi,,99,16,0,0,34,0,2,0,1.0,3,0,3,11,0,11,3,0,17.43458750793272,0,0.0,0,0,0,0,0
/Users/shussain/code-analysis/dynamic/Projects/superlu/EXAMPLE/citersol1.c,scnrm2_,"	extern float scnrm2_(int *, complex [], int *);
",scnrm2_,__Z7scnrm2_PiS_S_,,325,15,0,0,47,0,3,19,1.0,3,0,3,11,0,11,3,0,17.43458750793272,0,0.0,0,0,0,0,0
/Users/shussain/code-analysis/dynamic/Projects/superlu/EXAMPLE/citersol1.c,caxpy_,"	extern void caxpy_(int *, complex *, complex [], int *, complex [], int *);
",caxpy_,__Z6caxpy_PiS_S_S_S_S_,,326,14,0,0,1,0,1,0,1.0,3,0,3,11,0,11,3,0,17.43458750793272,0,0.0,0,0,0,0,0
/Users/shussain/code-analysis/dynamic/Projects/superlu/EXAMPLE/clinsolx2.c,main,"int main(int argc, char *argv[])
",main,_main,,23,5,184,2,2,1,0,38,394.5,3,0,3,11,0,11,3,0,17.43458750793272,0,0.0,0,0,0,0,41
/Users/shussain/code-analysis/dynamic/Projects/superlu/EXAMPLE/clinsolx2.c,parse_command_line,"parse_command_line(int argc, char *argv[], int *lwork,
",parse_command_line,__Z18parse_command_linev,,267,1,0,4,91,48,2,10,150.0,3,0,3,11,0,11,3,0,17.43458750793272,0,0.0,0,0,0,0,2
/Users/shussain/code-analysis/dynamic/Projects/superlu/EXAMPLE/superlu.c,main,"main(int argc, char *argv[])
",main,_main,,23,1,0,2,71,8,0,27,38.5,3,0,3,11,0,11,3,0,17.43458750793272,0,0.0,0,0,0,0,23
/Users/shussain/code-analysis/dynamic/Projects/superlu/EXAMPLE/zlinsolx1.c,main,"int main(int argc, char *argv[])
",main,_main,,23,5,133,2,2,1,0,30,291.0,3,0,3,11,0,11,3,0,17.43458750793272,0,0.0,0,0,0,0,38
/Users/shussain/code-analysis/dynamic/Projects/superlu/EXAMPLE/zlinsolx1.c,parse_command_line,"parse_command_line(int argc, char *argv[], int *lwork,
",parse_command_line,__Z18parse_command_linev,,231,1,0,4,64,35,2,10,111.0,3,0,3,11,0,11,3,0,17.43458750793272,0,0.0,0,0,0,0,2
/Users/shussain/code-analysis/dynamic/Projects/superlu/EXAMPLE/clinsol.c,main,"int main(int argc, char *argv[])
",main,_main,,21,5,0,2,22,10,0,33,45.5,3,0,3,11,0,11,3,0,17.43458750793272,0,0.0,0,0,0,0,25
/Users/shussain/code-analysis/dynamic/Projects/superlu/EXAMPLE/clinsolx.c,main,"int main(int argc, char *argv[])
",main,_main,,21,5,122,2,2,1,0,30,269.0,3,0,3,11,0,11,3,0,17.43458750793272,0,0.0,0,0,0,0,38
/Users/shussain/code-analysis/dynamic/Projects/superlu/EXAMPLE/clinsolx.c,parse_command_line,"parse_command_line(int argc, char *argv[], int *lwork,
",parse_command_line,__Z18parse_command_linev,,200,1,0,4,57,31,2,10,99.0,3,0,3,11,0,11,3,0,17.43458750793272,0,0.0,0,0,0,0,2
/Users/shussain/code-analysis/dynamic/Projects/superlu/EXAMPLE/dlinsolx2.c,main,"int main(int argc, char *argv[])
",main,_main,,23,5,249,2,2,1,0,38,526.5,3,0,3,11,0,11,3,0,17.43458750793272,0,0.0,0,0,0,0,45
/Users/shussain/code-analysis/dynamic/Projects/superlu/EXAMPLE/dlinsolx2.c,parse_command_line,"parse_command_line(int argc, char *argv[], int *lwork,
",parse_command_line,__Z18parse_command_linev,,267,1,0,4,91,48,2,10,150.0,3,0,3,11,0,11,3,0,17.43458750793272,0,0.0,0,0,0,0,2
/Users/shussain/code-analysis/dynamic/Projects/superlu/EXAMPLE/sfgmr.c,sdot_,"extern float sdot_(int *, float [], int *, float [], int *);
",sdot_,__Z5sdot_PiPfS_S0_S_,,36,14,0,0,2,0,2,0,1.0,3,0,3,11,0,11,3,0,17.43458750793272,0,0.0,0,0,0,0,0
/Users/shussain/code-analysis/dynamic/Projects/superlu/EXAMPLE/sfgmr.c,snrm2_,"extern float snrm2_(int *, float [], int *);
",snrm2_,__Z6snrm2_PiPfS_,,37,14,0,0,0,0,5,26,1.0,3,0,3,11,0,11,3,0,17.43458750793272,0,0.0,0,0,0,0,0
/Users/shussain/code-analysis/dynamic/Projects/superlu/EXAMPLE/sfgmr.c,sfgmr,"int sfgmr(int n,
",sfgmr,__Z5sfgmriPFvfPffS_EPFviS_S_ES_S_diPiS4_,,40,5,0,2,15,32,0,0,117.5,3,0,3,11,0,11,3,0,17.43458750793272,0,0.0,0,0,0,0,37
/Users/shussain/code-analysis/dynamic/Projects/superlu/EXAMPLE/ditersol1.c,dpsolve,"void dpsolve(int n,
",dpsolve,__Z7dpsolveiPdS_,,50,6,43,2,7,3,3,2,108.0,3,0,3,11,0,11,3,0,17.43458750793272,0,0.0,0,0,0,0,20
/Users/shussain/code-analysis/dynamic/Projects/superlu/EXAMPLE/ditersol1.c,dmatvec_mult,"void dmatvec_mult(double alpha, double x[], double beta, double y[])
",dmatvec_mult,__Z12dmatvec_multdPddS_,,83,6,1,4,3,1,3,1,10.5,3,0,3,11,0,11,3,0,17.43458750793272,0,0.0,0,0,0,0,1
/Users/shussain/code-analysis/dynamic/Projects/superlu/EXAMPLE/ditersol1.c,main,"int main(int argc, char *argv[])
",main,_main,,90,5,0,2,0,1,0,2,6.0,2,0,2,17,0,17,2,0,17.0,0,0.0,0,0,0,0,0.0
/Users/shussain/code-analysis/dynamic/Projects/superlu/EXAMPLE/ditersol1.c,dmatvec_mult,"    void dmatvec_mult(double alpha, double x[], double beta, double y[]);
",dmatvec_mult,__Z12dmatvec_multdPddS_,,92,10,1,4,3,1,3,1,10.5,2,0,2,42,0,42,2,0,42.0,0,0.0,0,0,0,0,0.0
/Users/shussain/code-analysis/dynamic/Projects/superlu/EXAMPLE/ditersol1.c,dpsolve,"    void dpsolve(int n, double x[], double y[]);
",dpsolve,__Z7dpsolveiPdS_,,93,10,43,2,7,3,3,2,108.0,2,0,2,17,0,17,2,0,17.0,0,0.0,0,0,0,0,0.0
/Users/shussain/code-analysis/dynamic/Projects/superlu/EXAMPLE/ditersol1.c,dfgmr,"    extern int dfgmr( int n,
",dfgmr,__Z5dfgmriPFvdPddS_EPFviS_S_ES_S_diPiS4_,,94,16,0,2,0,41,1,13,157.5,2,0,2,38,0,38,2,0,38.0,0,0.0,0,0,0,0,0.0
/Users/shussain/code-analysis/dynamic/Projects/superlu/EXAMPLE/ditersol1.c,dfill_diag,"    extern int dfill_diag(int n, NCformat *Astore);
",dfill_diag,__Z10dfill_diagiPi,,99,16,0,0,30,0,2,0,1.0,2,0,2,13,0,13,2,0,13.0,0,0.0,0,0,0,0,0.0
/Users/shussain/code-analysis/dynamic/Projects/superlu/EXAMPLE/ditersol1.c,dnrm2_,"	extern double dnrm2_(int *, double [], int *);
",dnrm2_,__Z6dnrm2_PiPdS_,,324,16,0,0,47,0,3,18,1.0,2,0,2,13,0,13,2,0,13.0,0,0.0,0,0,0,0,0.0
/Users/shussain/code-analysis/dynamic/Projects/superlu/EXAMPLE/ditersol1.c,daxpy_,"	extern void daxpy_(int *, double *, double [], int *, double [], int *);
",daxpy_,__Z6daxpy_PiPdS0_S_S0_S_,,325,14,0,0,1,0,1,0,1.0,2,0,2,3,0,3,2,0,3.0,0,0.0,0,0,0,0,0.0
/Users/shussain/code-analysis/dynamic/Projects/superlu/EXAMPLE/zitersol.c,zpsolve,"void zpsolve(int n,
",zpsolve,__Z7zpsolveiPiS_,,49,6,42,2,9,3,3,2,105.5,3,0,3,11,0,11,3,0,17.43458750793272,0,0.0,0,0,0,0,19
/Users/shussain/code-analysis/dynamic/Projects/superlu/EXAMPLE/zitersol.c,zmatvec_mult,"void zmatvec_mult(doublecomplex alpha, doublecomplex x[], doublecomplex beta, doublecomplex y[])
",zmatvec_mult,__Z12zmatvec_multiPiiS_,,82,6,1,4,3,1,3,1,10.5,3,0,3,11,0,11,3,0,17.43458750793272,0,0.0,0,0,0,0,1
/Users/shussain/code-analysis/dynamic/Projects/superlu/EXAMPLE/zitersol.c,main,"int main(int argc, char *argv[])
",main,_main,,89,5,0,2,0,1,0,2,6.0,3,0,3,11,0,11,3,0,17.43458750793272,0,0.0,0,0,0,0,0
/Users/shussain/code-analysis/dynamic/Projects/superlu/EXAMPLE/zitersol.c,zmatvec_mult,"    void zmatvec_mult(doublecomplex alpha, doublecomplex x[], doublecomplex beta, doublecomplex y[]);
",zmatvec_mult,__Z12zmatvec_multiPiiS_,,91,10,1,4,3,1,3,1,10.5,3,0,3,11,0,11,3,0,17.43458750793272,0,0.0,0,0,0,0,1
/Users/shussain/code-analysis/dynamic/Projects/superlu/EXAMPLE/zitersol.c,zpsolve,"    void zpsolve(int n, doublecomplex x[], doublecomplex y[]);
",zpsolve,__Z7zpsolveiPiS_,,92,10,42,2,9,3,3,2,105.5,3,0,3,11,0,11,3,0,17.43458750793272,0,0.0,0,0,0,0,19
/Users/shussain/code-analysis/dynamic/Projects/superlu/EXAMPLE/zitersol.c,zfgmr,"    extern int zfgmr( int n,
",zfgmr,__Z5zfgmriPFviPiiS_EPFviS_S_ES_S_diS_S_,,93,16,0,2,0,44,1,13,163.0,3,0,3,11,0,11,3,0,17.43458750793272,0,0.0,0,0,0,0,56
/Users/shussain/code-analysis/dynamic/Projects/superlu/EXAMPLE/zitersol.c,zfill_diag,"    extern int zfill_diag(int n, NCformat *Astore);
",zfill_diag,__Z10zfill_diagiPi,,98,16,0,0,34,0,2,0,1.0,3,0,3,11,0,11,3,0,17.43458750793272,0,0.0,0,0,0,0,0
/Users/shussain/code-analysis/dynamic/Projects/superlu/EXAMPLE/zitersol.c,dznrm2_,"	extern double dznrm2_(int *, doublecomplex [], int *);
",dznrm2_,__Z7dznrm2_PiS_S_,,313,16,0,0,47,0,3,19,1.0,3,0,3,11,0,11,3,0,17.43458750793272,0,0.0,0,0,0,0,0
/Users/shussain/code-analysis/dynamic/Projects/superlu/EXAMPLE/zitersol.c,zaxpy_,"	extern void zaxpy_(int *, doublecomplex *, doublecomplex [], int *, doublecomplex [], int *);
",zaxpy_,__Z6zaxpy_PiS_S_S_S_S_,,314,14,0,0,1,0,1,0,1.0,3,0,3,11,0,11,3,0,17.43458750793272,0,0.0,0,0,0,0,0
/Users/shussain/code-analysis/dynamic/Projects/superlu/EXAMPLE/dlinsolx.c,main,"int main(int argc, char *argv[])
",main,_main,,21,5,156,2,2,1,0,31,338.0,3,0,3,11,0,11,3,0,17.43458750793272,0,0.0,0,0,0,0,40
/Users/shussain/code-analysis/dynamic/Projects/superlu/EXAMPLE/dlinsolx.c,parse_command_line,"parse_command_line(int argc, char *argv[], int *lwork,
",parse_command_line,__Z18parse_command_linev,,205,1,0,4,58,33,2,10,105.0,3,0,3,11,0,11,3,0,17.43458750793272,0,0.0,0,0,0,0,2
/Users/shussain/code-analysis/dynamic/Projects/superlu/EXAMPLE/clinsolx1.c,main,"int main(int argc, char *argv[])
",main,_main,,23,5,133,2,2,1,0,30,291.0,3,0,3,11,0,11,3,0,17.43458750793272,0,0.0,0,0,0,0,38
/Users/shussain/code-analysis/dynamic/Projects/superlu/EXAMPLE/clinsolx1.c,parse_command_line,"parse_command_line(int argc, char *argv[], int *lwork,
",parse_command_line,__Z18parse_command_linev,,231,1,0,4,64,35,2,10,111.0,3,0,3,11,0,11,3,0,17.43458750793272,0,0.0,0,0,0,0,2
/Users/shussain/code-analysis/dynamic/Projects/superlu/EXAMPLE/fgmr.c,ddot_,"extern double ddot_(int *, double [], int *, double [], int *);
",ddot_,__Z5ddot_PiPdS_S0_S_,,18,15,0,0,2,0,2,0,1.0,3,0,3,11,0,11,3,0,17.43458750793272,0,0.0,0,0,0,0,0
/Users/shussain/code-analysis/dynamic/Projects/superlu/EXAMPLE/fgmr.c,dnrm2_,"extern double dnrm2_(int *, double [], int *);
",dnrm2_,__Z6dnrm2_PiPdS_,,19,15,0,0,0,0,5,26,1.0,3,0,3,11,0,11,3,0,17.43458750793272,0,0.0,0,0,0,0,0
/Users/shussain/code-analysis/dynamic/Projects/superlu/EXAMPLE/fgmr.c,daxpy_,"extern void daxpy_(int *, double *, double [], int *, double [], int *);
",daxpy_,__Z6daxpy_PiPdS0_S_S0_S_,,20,13,0,0,0,0,2,0,1.0,2,0,2,17,0,17,2,0,17.0,0,0.0,0,0,0,0,0.0
/Users/shussain/code-analysis/dynamic/Projects/superlu/EXAMPLE/fgmr.c,dcopy_,"extern double dcopy_(int *, double [], int *, double [], int *);
",dcopy_,__Z6dcopy_PiPdS_S0_S_,,21,15,0,0,0,0,1,0,1.0,2,0,2,42,0,42,2,0,42.0,0,0.0,0,0,0,0,0.0
/Users/shussain/code-analysis/dynamic/Projects/superlu/EXAMPLE/fgmr.c,fgmr,"int fgmr(int n,
",fgmr,__Z4fgmriPFvdPddS_EPFviS_S_ES_S_diPiP7__sFILE,,23,5,0,2,14,32,0,12,119.0,2,0,2,17,0,17,2,0,17.0,0,0.0,0,0,0,0,0.0
/Users/shussain/code-analysis/dynamic/Projects/superlu/EXAMPLE/zlinsolx.c,main,"int main(int argc, char *argv[])
",main,_main,,21,5,122,2,2,1,0,30,269.0,3,0,3,11,0,11,3,0,17.43458750793272,0,0.0,0,0,0,0,38
/Users/shussain/code-analysis/dynamic/Projects/superlu/EXAMPLE/zlinsolx.c,parse_command_line,"parse_command_line(int argc, char *argv[], int *lwork,
",parse_command_line,__Z18parse_command_linev,,200,1,0,4,57,31,2,10,99.0,3,0,3,11,0,11,3,0,17.43458750793272,0,0.0,0,0,0,0,2
/Users/shussain/code-analysis/dynamic/Projects/superlu/EXAMPLE/ditersol.c,dpsolve,"void dpsolve(int n,
",dpsolve,__Z7dpsolveiPdS_,,49,6,42,2,9,3,3,2,105.5,3,0,3,11,0,11,3,0,17.43458750793272,0,0.0,0,0,0,0,19
/Users/shussain/code-analysis/dynamic/Projects/superlu/EXAMPLE/ditersol.c,dmatvec_mult,"void dmatvec_mult(double alpha, double x[], double beta, double y[])
",dmatvec_mult,__Z12dmatvec_multdPddS_,,82,6,1,4,3,1,3,1,10.5,3,0,3,11,0,11,3,0,17.43458750793272,0,0.0,0,0,0,0,1
/Users/shussain/code-analysis/dynamic/Projects/superlu/EXAMPLE/ditersol.c,main,"int main(int argc, char *argv[])
",main,_main,,89,5,0,2,0,1,0,2,6.0,2,0,2,17,0,17,2,0,17.0,0,0.0,0,0,0,0,0.0
/Users/shussain/code-analysis/dynamic/Projects/superlu/EXAMPLE/ditersol.c,dmatvec_mult,"    void dmatvec_mult(double alpha, double x[], double beta, double y[]);
",dmatvec_mult,__Z12dmatvec_multdPddS_,,91,10,1,4,3,1,3,1,10.5,2,0,2,42,0,42,2,0,42.0,0,0.0,0,0,0,0,0.0
/Users/shussain/code-analysis/dynamic/Projects/superlu/EXAMPLE/ditersol.c,dpsolve,"    void dpsolve(int n, double x[], double y[]);
",dpsolve,__Z7dpsolveiPdS_,,92,10,42,2,9,3,3,2,105.5,2,0,2,17,0,17,2,0,17.0,0,0.0,0,0,0,0,0.0
/Users/shussain/code-analysis/dynamic/Projects/superlu/EXAMPLE/ditersol.c,dfgmr,"    extern int dfgmr( int n,
",dfgmr,__Z5dfgmriPFvdPddS_EPFviS_S_ES_S_diPiS4_,,93,16,0,2,0,44,1,13,164.5,2,0,2,38,0,38,2,0,38.0,0,0.0,0,0,0,0,0.0
/Users/shussain/code-analysis/dynamic/Projects/superlu/EXAMPLE/ditersol.c,dfill_diag,"    extern int dfill_diag(int n, NCformat *Astore);
",dfill_diag,__Z10dfill_diagiPi,,98,16,0,0,30,0,2,0,1.0,2,0,2,13,0,13,2,0,13.0,0,0.0,0,0,0,0,0.0
/Users/shussain/code-analysis/dynamic/Projects/superlu/EXAMPLE/ditersol.c,dnrm2_,"	extern double dnrm2_(int *, double [], int *);
",dnrm2_,__Z6dnrm2_PiPdS_,,312,16,0,0,47,0,3,17,1.0,2,0,2,13,0,13,2,0,13.0,0,0.0,0,0,0,0,0.0
/Users/shussain/code-analysis/dynamic/Projects/superlu/EXAMPLE/ditersol.c,daxpy_,"	extern void daxpy_(int *, double *, double [], int *, double [], int *);
",daxpy_,__Z6daxpy_PiPdS0_S_S0_S_,,313,14,0,0,1,0,1,0,1.0,2,0,2,3,0,3,2,0,3.0,0,0.0,0,0,0,0,0.0
/Users/shussain/code-analysis/dynamic/Projects/superlu/EXAMPLE/zlinsolx2.c,main,"int main(int argc, char *argv[])
",main,_main,,23,5,184,2,2,1,0,38,394.5,3,0,3,11,0,11,3,0,17.43458750793272,0,0.0,0,0,0,0,41
/Users/shussain/code-analysis/dynamic/Projects/superlu/EXAMPLE/zlinsolx2.c,parse_command_line,"parse_command_line(int argc, char *argv[], int *lwork,
",parse_command_line,__Z18parse_command_linev,,267,1,0,4,91,48,2,10,150.0,3,0,3,11,0,11,3,0,17.43458750793272,0,0.0,0,0,0,0,2
/Users/shussain/code-analysis/dynamic/Projects/superlu/EXAMPLE/zitersol1.c,zpsolve,"void zpsolve(int n,
",zpsolve,__Z7zpsolveiPiS_,,50,6,43,2,7,3,3,2,108.0,3,0,3,11,0,11,3,0,17.43458750793272,0,0.0,0,0,0,0,20
/Users/shussain/code-analysis/dynamic/Projects/superlu/EXAMPLE/zitersol1.c,zmatvec_mult,"void zmatvec_mult(doublecomplex alpha, doublecomplex x[], doublecomplex beta, doublecomplex y[])
",zmatvec_mult,__Z12zmatvec_multiPiiS_,,83,6,1,4,3,1,3,1,10.5,3,0,3,11,0,11,3,0,17.43458750793272,0,0.0,0,0,0,0,1
/Users/shussain/code-analysis/dynamic/Projects/superlu/EXAMPLE/zitersol1.c,main,"int main(int argc, char *argv[])
",main,_main,,90,5,0,2,0,1,0,2,6.0,3,0,3,11,0,11,3,0,17.43458750793272,0,0.0,0,0,0,0,0
/Users/shussain/code-analysis/dynamic/Projects/superlu/EXAMPLE/zitersol1.c,zmatvec_mult,"    void zmatvec_mult(doublecomplex alpha, doublecomplex x[], doublecomplex beta, doublecomplex y[]);
",zmatvec_mult,__Z12zmatvec_multiPiiS_,,92,10,1,4,3,1,3,1,10.5,3,0,3,11,0,11,3,0,17.43458750793272,0,0.0,0,0,0,0,1
/Users/shussain/code-analysis/dynamic/Projects/superlu/EXAMPLE/zitersol1.c,zpsolve,"    void zpsolve(int n, doublecomplex x[], doublecomplex y[]);
",zpsolve,__Z7zpsolveiPiS_,,93,10,43,2,7,3,3,2,108.0,3,0,3,11,0,11,3,0,17.43458750793272,0,0.0,0,0,0,0,20
/Users/shussain/code-analysis/dynamic/Projects/superlu/EXAMPLE/zitersol1.c,zfgmr,"    extern int zfgmr( int n,
",zfgmr,__Z5zfgmriPFviPiiS_EPFviS_S_ES_S_diS_S_,,94,16,0,2,0,41,1,13,155.5,3,0,3,11,0,11,3,0,17.43458750793272,0,0.0,0,0,0,0,59
/Users/shussain/code-analysis/dynamic/Projects/superlu/EXAMPLE/zitersol1.c,zfill_diag,"    extern int zfill_diag(int n, NCformat *Astore);
",zfill_diag,__Z10zfill_diagiPi,,99,16,0,0,34,0,2,0,1.0,3,0,3,11,0,11,3,0,17.43458750793272,0,0.0,0,0,0,0,0
/Users/shussain/code-analysis/dynamic/Projects/superlu/EXAMPLE/zitersol1.c,dznrm2_,"	extern double dznrm2_(int *, doublecomplex [], int *);
",dznrm2_,__Z7dznrm2_PiS_S_,,325,16,0,0,47,0,3,19,1.0,3,0,3,11,0,11,3,0,17.43458750793272,0,0.0,0,0,0,0,0
/Users/shussain/code-analysis/dynamic/Projects/superlu/EXAMPLE/zitersol1.c,zaxpy_,"	extern void zaxpy_(int *, doublecomplex *, doublecomplex [], int *, doublecomplex [], int *);
",zaxpy_,__Z6zaxpy_PiS_S_S_S_S_,,326,14,0,0,1,0,1,0,1.0,3,0,3,11,0,11,3,0,17.43458750793272,0,0.0,0,0,0,0,0
